doc_id,name,relative_path,size_bytes,page_count,pdf_has_text,needs_ocr,document_type_guess,year_guess,language_guess,doi_guess,standard_code_guess,title_guess,sha256,text_probe_error
9c4265af48d79690,1-s2.0-S0022509618304824-main.pdf,1-s2.0-S0022509618304824-main.pdf,4088060,17,True,False,journal_or_report,2019,en,,,Journal of the Mechanics and Physics of Solids 122 (2019) 418–434,9c4265af48d79690c57e2740aaac3109da381fc18d3c96e0c0306f4658994e9c,
0396549e2d9c1f9f,1-s2.0-S0022509625001371-main.pdf,1-s2.0-S0022509625001371-main.pdf,9335012,32,True,False,journal_or_report,2025,en,,,J. Mech. Phys. Solids 203 (2025) 106161,0396549e2d9c1f9f3e93c564bd999c62ed6796a71f1f04dd2f9fbbc963469824,
4ff700b684fd6e4b,1-s2.0-S0029801823010521-main.pdf,1-s2.0-S0029801823010521-main.pdf,9410055,13,True,False,journal_or_report,2023,en,,,Ocean Engineering 281 (2023) 114668,4ff700b684fd6e4beca3c354e459d6a1a98c9de267266f5ae584561a88651bcc,
4ba3631e96dc202d,1-s2.0-S0030399215302772-main.pdf,1-s2.0-S0030399215302772-main.pdf,3674815,8,True,False,journal_or_report,2016,en,,,Optics & Laser Technology 83 (2016) 140–147,4ba3631e96dc202de9ee7ab7228961dbedf7e65d45abef1fb5b48003a26a3433,
4e369b8b64b24e9d,1-s2.0-S0030399215307131-main.pdf,1-s2.0-S0030399215307131-main.pdf,11444913,13,True,False,journal_or_report,2016,en,,,Optics & Laser Technology 82 (2016) 170–182,4e369b8b64b24e9dc3dfeb197145f4a92720084e9b025c6eca89e408d45b9e0a,
9aa4e5c3be5fc43c,1-s2.0-S0030399222006053-main.pdf,1-s2.0-S0030399222006053-main.pdf,27187862,13,True,False,journal_or_report,2022,en,,,Optics & Laser Technology 155 (2022) 108449,9aa4e5c3be5fc43c7f8ddb47a4fe58bd4fd7049c127c5171e2bdf7559a93820a,
136a74f0bf0b623e,1-s2.0-S0030399223001135-main.pdf,1-s2.0-S0030399223001135-main.pdf,24627635,16,True,False,journal_or_report,2023,en,,,Optics & Laser Technology 161 (2023) 109220,136a74f0bf0b623e303cbeef2c41e0555aeb586b448baf9e53128fdff6db0979,
dae2e061e2ee502e,1-s2.0-S0030399223003493-main.pdf,1-s2.0-S0030399223003493-main.pdf,17054663,11,True,False,journal_or_report,2023,en,,,Optics & Laser Technology 164 (2023) 109456,dae2e061e2ee502ea0281f4f04c2b5ae15511a957bc7345ee16a8995ff79812e,
f8cec027640796fc,1-s2.0-S0030399223004887-main.pdf,1-s2.0-S0030399223004887-main.pdf,21766471,28,True,False,journal_or_report,2023,en,,,Optics & Laser Technology 167 (2023) 109595,f8cec027640796fce8888bd1f1076154502e1a7c70e40b0404eaf1ae83146696,
3e5d56e19182dbb2,1-s2.0-S0030399224000707-main.pdf,1-s2.0-S0030399224000707-main.pdf,28442719,14,True,False,journal_or_report,2024,en,,,Optics & Laser Technology 174 (2024) 110612,3e5d56e19182dbb2b32c5ab39c25e0422f6c7bab0fd4edba5e3086c421f0d783,
b58bdb3afc3efb13,1-s2.0-S0030399224008235-main.pdf,1-s2.0-S0030399224008235-main.pdf,17987847,14,True,False,journal_or_report,2024,en,,,Optics & Laser Technology 179 (2024) 111365,b58bdb3afc3efb13eab00462f5ec849e6f854909a0156026395ca8598e558926,
5ceb2a1411505ee1,1-s2.0-S0032591022003047-main.pdf,1-s2.0-S0032591022003047-main.pdf,3610844,12,True,False,journal_or_report,2022,en,,,Powder Technology 403 (2022) 117410,5ceb2a1411505ee1a1fc9e6a92113c5ce27418c429c4889c02bdee772edc622d,
32d8f8daa1ccdbbc,1-s2.0-S025789722100311X-main.pdf,1-s2.0-S025789722100311X-main.pdf,10805652,8,True,False,journal_or_report,2021,en,,,Surface & Coatings Technology 416 (2021) 127137,32d8f8daa1ccdbbc8d8c3a6193cd0c407e137093cda9c5752ba84d47f3e4fb46,
3a14986b949d2d5a,1-s2.0-S025789722300316X-main.pdf,1-s2.0-S025789722300316X-main.pdf,3558837,10,True,False,journal_or_report,2023,en,,,Surface & Coatings Technology 464 (2023) 129541,3a14986b949d2d5a2a709509afa39d21568e7d04c3c45c1c92901259174bf02b,
13cacc9e2dbfeaa4,1-s2.0-S026322412030381X-main.pdf,1-s2.0-S026322412030381X-main.pdf,3006073,12,True,False,journal_or_report,2020,en,,,Measurement 161 (2020) 107843,13cacc9e2dbfeaa4a7b8b50ebe61503f8403c16bfac09e9441c7015a58e21edc,
5411e9f483604ebf,1-s2.0-S026412752501322X-main.pdf,1-s2.0-S026412752501322X-main.pdf,2763427,8,True,False,journal_or_report,2025,en,10.1016/j.matdes.2025.114902,,Materials & Design 260 (2025) 114902,5411e9f483604ebf73cce8d8ef3c3eb4123507a470e0c1b46ca256cb2eaf3f7a,
210194cc00edf183,EFP对有限厚603靶板侵彻的试验研究.pdf,EFP对有限厚603靶板侵彻的试验研究.pdf,163573,3,True,False,journal_or_report,2007,en,,,EFP对有限厚603靶板侵彻的试验研究,210194cc00edf18360756539a4d4cb423cd85545ebd96a77c65ada739a4a7eeb,
4cd4ef9d59628828,Er、Sc微合金化对WAA...6Mg合金组织与性能的影响_李承德.pdf,Er、Sc微合金化对WAA...6Mg合金组织与性能的影响_李承德.pdf,2747680,10,True,False,journal_or_report,2023,zh,,,Er、Sc微合金化对WAA...6Mg合金组织与性能的影响_李承德,4cd4ef9d59628828aa5a2eb7a2a972d1fd7760e85637efbc5f94a54c5a276368,
a8e5f08be591e481,Er元素对Mg-Gd-Y-...-Zr合金组织与性能的影响_吴凯.pdf,Er元素对Mg-Gd-Y-...-Zr合金组织与性能的影响_吴凯.pdf,35727283,69,True,False,journal_or_report,2020,en,,,Er元素对Mg-Gd-Y-...-Zr合金组织与性能的影响_吴凯,a8e5f08be591e48168b9243b6550c3091e46335c792309ce1c2861b7d9a5eb27,
2c1a500a68ea2ae4,ESD法提高TC11钛合金耐热性能研究_扎哈尔（Dolgiy_Zakhar）.pdf,ESD法提高TC11钛合金耐热性能研究_扎哈尔（Dolgiy_Zakhar）.pdf,9533312,101,True,False,journal_or_report,2013,zh,,,ESD法提高TC11钛合金耐热性能研究_扎哈尔（Dolgiy_Zakhar）,2c1a500a68ea2ae4311a633b7c1f6a81d5f606e6daa6c40f740aed84070b091f,
bd3191cf23199321,Eskin2008_Article_ScaleRulesForMacrosegregationD.pdf,Eskin2008_Article_ScaleRulesForMacrosegregationD.pdf,428973,7,True,False,journal_or_report,2008,en,10.1007/s11661-008-9468-7,,Eskin2008_Article_ScaleRulesForMacrosegregationD,bd3191cf23199321c63021fa6f30decc4475abd64a02c351fe49a9333a07d777,
1190d153cd768889,Eskin2016_Chapter_MechanismsAndControlOfMacroseg.pdf,Eskin2016_Chapter_MechanismsAndControlOfMacroseg.pdf,851792,6,True,False,book,2014,en,,,Eskin2016_Chapter_MechanismsAndControlOfMacroseg,1190d153cd768889c735d478a3631fae94b464878a7c4ffcf747fa7347cec642,
122ce532a8cea396,Eskin2016_Chapter_StructureAndCastingDefectsOfAl.pdf,Eskin2016_Chapter_StructureAndCastingDefectsOfAl.pdf,727909,8,True,False,book,2015,en,,,Eskin2016_Chapter_StructureAndCastingDefectsOfAl,122ce532a8cea3961f8d0c4efc795b3ae349650fb2c345b4b7f479f2aa4d3a4b,
3da782e2695b94de,Essentials of Materials Science and Engineering.pdf,Essentials of Materials Science and Engineering.pdf,30084092,625,False,True,book,,en,,,Essentials of Materials Science and Engineering,3da782e2695b94de4e8a293116cbc6d32d3fd9f24f01e1c4306d4d7231e49e10,
ba3cd6e0ef423c7e,Establishing relationship between the base metal properties and friction stir welding process parameters of castaluminium alloys.PDF,Establishing relationship between the base metal properties and friction stir welding process parameters of castaluminium alloys.PDF,3158541,10,True,False,journal_or_report,2010,en,,,Establishing relationship between the base metal properties and friction stir welding process parameters of castaluminium alloys,ba3cd6e0ef423c7ea2cefabe4f92127dad535259627697d3a11bdedccca3483a,
61d05eee010564a7,EV31镁合金热压缩变形行为及热加工图_郁天其.pdf,EV31镁合金热压缩变形行为及热加工图_郁天其.pdf,1357304,10,True,False,journal_or_report,2023,en,,,EV31镁合金热压缩变形行为及热加工图_郁天其,61d05eee010564a7b00370a7a56d14a102ac00dbaa94156c5ab9a3254972fe01,
e3b0c44298fc1c14,Evaluation of cracking resistance of DC casting high strength aluminum ingots.pdf,Evaluation of cracking resistance of DC casting high strength aluminum ingots.pdf,0,,False,False,journal_or_report,,en,,,Evaluation of cracking resistance of DC casting high strength aluminum ingots,e3b0c44298fc1c149afbf4c8996fb92427ae41e4649b934ca495991b7852b855,Syntax Error: Document stream is empty
5ffec693d932793f,Folate-modified-nanodelivery-platform-loaded-with-triptolide-fo_2025_Materia.pdf,Folate-modified-nanodelivery-platform-loaded-with-triptolide-fo_2025_Materia.pdf,13393413,15,True,False,journal_or_report,2025,en,,,Folate-modified-nanodelivery-platform-loaded-with-triptolide-fo_2025_Materia,5ffec693d932793f37a87e2dcea8ed0c94da4c209775be69709f1cbdfa55ec29,
384ee2b5509b70bf,Foreign-object damage and high-cycle fatigue_ role of microstructure in Ti–6Al–4V.pdf,Foreign-object damage and high-cycle fatigue_ role of microstructure in Ti–6Al–4V.pdf,840316,9,True,False,journal_or_report,2001,en,,,Foreign-object damage and high-cycle fatigue_ role of microstructure in Ti–6Al–4V,384ee2b5509b70bf8d6a1af0c9e6fec74e57759af8d072e14ae1dbe3175169da,
e7f812b4f61fd42d,Formation and coarsening of a nanodispersed microstructure in melt spun Al–Ni–Zr alloy.pdf,Formation and coarsening of a nanodispersed microstructure in melt spun Al–Ni–Zr alloy.pdf,3936028,10,True,False,journal_or_report,1998,en,,,Formation and coarsening of a nanodispersed microstructure in melt spun Al–Ni–Zr alloy,e7f812b4f61fd42d21df3b70d3ce5622078d3665fc2cde729a3e0c6f29ca2d47,
dfc7628ddc28a92a,Formation Mec...Gd-Y-Sb Alloy_黄元春.pdf,Formation Mec...Gd-Y-Sb Alloy_黄元春.pdf,1386574,7,True,False,journal_or_report,,en,10.1007/s11595-021-2405-y,,Formation Mec...Gd-Y-Sb Alloy_黄元春,dfc7628ddc28a92a77eadcd8d8f739d47cfa2fc27c0ebb38b02c0b5af7aa5da2,
18e123338e7ee190,Formation of a nanostructured CrN layer on nitrided tool steel by.pdf,Formation of a nanostructured CrN layer on nitrided tool steel by.pdf,439149,4,True,False,journal_or_report,2008,en,,,Formation of a nanostructured CrN layer on nitrided tool steel by,18e123338e7ee1909d38f2c7a6fa676fe2a061126caa6803fd6e75adbfa2b318,
819100d32eea642a,G B T 1231-2024【高清版】.pdf,G B T 1231-2024【高清版】.pdf,11515032,27,False,True,journal_or_report,2024,en,,,G B T 1231-2024【高清版】,819100d32eea642ab39fcbab5a11358ce5d229251d7c9c23f6f928c8b1b41299,
137e71b343d098da,GA 141-2010 警用防弹衣.pdf,GA 141-2010 警用防弹衣.pdf,7661250,28,False,True,standard,2010,zh,,GA141-2010,GA 141-2010 警用防弹衣,137e71b343d098dad6d160cd26bf7ed48f537307fde1b1498b112c39a544c33e,
841ddad9b3f39b76,GA 247-2000 监所周界高压电网装置.pdf,GA 247-2000 监所周界高压电网装置.pdf,9443393,14,False,True,standard,2000,zh,,GA247-2000,GA 247-2000 监所周界高压电网装置,841ddad9b3f39b76d3694a923b225d9185efb80d905e827d6d5876a9c8ed083a,
004b6f7aad00deb7,GA 293-2012 警用防弹头盔及面罩.pdf,GA 293-2012 警用防弹头盔及面罩.pdf,8079180,32,False,True,standard,2012,zh,,GA293-2012,GA 293-2012 警用防弹头盔及面罩,004b6f7aad00deb7900a4b9dbf5f6fdb608688f30aef98990054edac81a92d76,
90fd4a8b0e8bfc85,GA 68-2024 警用防刺服.pdf,GA 68-2024 警用防刺服.pdf,7342545,26,False,True,standard,2024,zh,,GA68-2024,GA 68-2024 警用防刺服,90fd4a8b0e8bfc856dcf0984760bb455ecbee50cad61ae21ba83f4d1dc6b3bfa,
a0b29b0307890c54,GA164-2018 专用运钞车防护技术要求.pdf,GA164-2018 专用运钞车防护技术要求.pdf,2823067,13,False,True,journal_or_report,2018,zh,,GA164-2018,GA164-2018 专用运钞车防护技术要求,a0b29b0307890c5439f23f5f7c4bdad0447ad3a059e879fe86dd1a39fa0a691e,
239012641c554788,GaInSn液态金属球形J...马达的制备及运动机理的研究_刘青.pdf,GaInSn液态金属球形J...马达的制备及运动机理的研究_刘青.pdf,4289044,67,True,False,journal_or_report,2019,zh,,,GaInSn液态金属球形J...马达的制备及运动机理的研究_刘青,239012641c554788fb5a536744a5cdadd8c76e4387271879768cf7495dea8c5d,
565a85c9b7935148,Galvanic corrosion couple-induced Marangoni flow of liquid metal.pdf,Galvanic corrosion couple-induced Marangoni flow of liquid metal.pdf,3893097,6,True,False,journal_or_report,2017,en,10.1039/c7sm00071e,GALVANIC,Galvanic corrosion couple-induced Marangoni flow of liquid metal,565a85c9b793514871898dfbb54ca1f4e922e0723de50a14b03fb714fa88dbac,
18ab8d54d6d0301b,GAO2012_Article_GrainRefinementOfAZ31Magnesium.pdf,GAO2012_Article_GrainRefinementOfAZ31Magnesium.pdf,594686,5,True,False,journal_or_report,2012,en,,,GAO2012_Article_GrainRefinementOfAZ31Magnesium,18ab8d54d6d0301bfc9d83a07d97f8286d2e2da0cf80290ad9082ff9ba366e4a,
9a79d12b5625c522,Gao2018_Article_NumericalModelingOfEBCHMForLar.pdf,Gao2018_Article_NumericalModelingOfEBCHMForLar.pdf,2348927,9,True,False,journal_or_report,2018,en,10.1007/s11837-018-3048-0,,Gao2018_Article_NumericalModelingOfEBCHMForLar,9a79d12b5625c5226c691eb5e0fcbf82ca489245d01703e229977576fb0f71ae,
5169914f9af5f821,Ga对6063铝合金力学性能及电阻率的影响_林金平.pdf,Ga对6063铝合金力学性能及电阻率的影响_林金平.pdf,570046,4,True,False,journal_or_report,,en,,,Ga对6063铝合金力学性能及电阻率的影响_林金平,5169914f9af5f821b2e3586c210031f1d41e2d52ad456dfe01a258e5ae0581ab,
d49bfd3b4a354a7b,GB 1389B-2022 系统电磁环境效应要求.pdf,GB 1389B-2022 系统电磁环境效应要求.pdf,4649960,24,False,True,standard,2022,zh,,GB1389B-2022,GB 1389B-2022 系统电磁环境效应要求,d49bfd3b4a354a7be71cddfd6169df93bdc542b0f1f314d5b3a5ad21b9278b77,
1120d99085e7f5c0,GB 1499.1-2024.pdf,GB 1499.1-2024.pdf,3974061,13,False,True,standard,2024,en,,GB1499.1-2024,GB 1499.1-2024,1120d99085e7f5c0982fe4f1a6f29e1c3989a96d7c407d1a5be9df3e546f3ac6,
f42d99a46972f5db,GB 1499.2-2024（正版）.pdf,GB 1499.2-2024（正版）.pdf,12712489,20,False,True,standard,2024,en,,GB1499.2-2024,GB 1499.2-2024（正版）,f42d99a46972f5dbde12b9ce204f1468bd4d73ce7bb1bd96a9c5aff66672af12,
c475c16dcc6d8714,GB 150-2011压力容器.pdf,GB 150-2011压力容器.pdf,9520327,339,True,False,standard,2011,zh,,GB150,GB 150-2011压力容器,c475c16dcc6d8714c6dd7c05ef88181d06d06ccdf327adea04bd48ccd3be2117,
16944d5065ff52d7,GB 1710A-2025 试制和生产准备状态检查（正式版可搜索）.pdf,GB 1710A-2025 试制和生产准备状态检查（正式版可搜索）.pdf,5311125,14,False,True,standard,2025,zh,,GB1710A-2025,GB 1710A-2025 试制和生产准备状态检查（正式版可搜索）,16944d5065ff52d718d76d6e9294a7bb0c4e25a2c0b0760d343eeeda240b62ca,
8df04c47508a30fe,GB 3489_硬质合金 孔隙度和非化合碳的金相测定.pdf,GB 3489_硬质合金 孔隙度和非化合碳的金相测定.pdf,3663976,9,False,True,standard,,zh,,,GB 3489_硬质合金 孔隙度和非化合碳的金相测定,8df04c47508a30fe1c65f21283eb39224d84e97ea1a0d677ef83c58b987aa455,
353d635f48bee2f0,GB_T 5080.7-1986.pdf,GB_T 5080.7-1986.pdf,3866175,31,False,True,standard,1986,en,,GB_T5080,GB_T 5080.7-1986,353d635f48bee2f05495d178894a8a8774fa628336600c8fe1c27e770f35b859,
b521a9d6128e4413,GB_T 5100-2020 钢质焊接气瓶.pdf,GB_T 5100-2020 钢质焊接气瓶.pdf,7995490,35,False,True,standard,2020,zh,,GB_T5100,GB_T 5100-2020 钢质焊接气瓶,b521a9d6128e44137a282235620997ad359e0c67e4bef33ca78179a3761dd2f5,
fe1c9370ff4d1848,GB_T 5153-2016.pdf,GB_T 5153-2016.pdf,3954162,11,False,True,standard,2016,en,,GB_T5153,GB_T 5153-2016,fe1c9370ff4d1848e3c2da1d14a456854d12eb019fb536cbf0cbf0bf83f96ad5,
9339eb9f73f77eeb,GB_T 5168-2020 钛及钛合金高低倍组织检验方法.pdf,GB_T 5168-2020 钛及钛合金高低倍组织检验方法.pdf,6658141,31,False,True,standard,2020,zh,,GB_T5168,GB_T 5168-2020 钛及钛合金高低倍组织检验方法,9339eb9f73f77eeb01868d0f3a2613512e79b60bc5c38d82eb42d0f3e07b78e4,
db9d41696f1684e4,GB_T 5231-2022.pdf,GB_T 5231-2022.pdf,4960752,30,False,True,standard,2022,en,,GB_T5231,GB_T 5231-2022,db9d41696f1684e46bdc1014c91c19c45a6c9b0fd059f9a13c5b75080e5dc38a,
eb59d255f8a6d5b1,GB_T 5270-2024 金属基体上的金属覆盖层 电沉积和化学沉积层 附着强度试验方法评述.pdf,GB_T 5270-2024 金属基体上的金属覆盖层 电沉积和化学沉积层 附着强度试验方法评述.pdf,5524498,20,False,True,standard,2024,zh,,GB_T5270,GB_T 5270-2024 金属基体上的金属覆盖层 电沉积和化学沉积层 附着强度试验方法评述,eb59d255f8a6d5b19f3b32571b910650d1e96b50d27769b7a948bdc501314ff0,
7e4fa2ee1b7c9c9d,GB_T 5293-2018(1).pdf,GB_T 5293-2018(1).pdf,4791934,23,False,True,standard,2018,en,,GB_T5293,GB_T 5293-2018(1),7e4fa2ee1b7c9c9d9fec83caa1909499301da1e1858c1ece4bbec4b538da7521,
207241448c518095,GB_T 5293-2018.pdf,GB_T 5293-2018.pdf,4791934,23,False,True,standard,2018,en,,GB_T5293,GB_T 5293-2018,207241448c518095ed14541837c9f4fcafd55e281b0ad7de11431343f7fb292b,
0cc328d86bb0aeee,一种以微纳米铝热剂为材料的含能药型罩.pdf,一种以微纳米铝热剂为材料的含能药型罩.pdf,571289,9,False,True,patent,,zh,,,一种以微纳米铝热剂为材料的含能药型罩,0cc328d86bb0aeee72c85fac77565847fffc267ae1f5f3b2397ffe80dd690e59,
3eca0774fd99c8d2,一种医疗钛合金接骨板清洗装置.pdf,一种医疗钛合金接骨板清洗装置.pdf,2687136,22,True,False,patent,2022,zh,,,一种医疗钛合金接骨板清洗装置,3eca0774fd99c8d2582b08ae763ad106ce8d34e1cbf3b4ca6856b19990dcb583,
5213ba4f91caaaf6,一种可形成全向分布式复合活性射弹的聚能装药结构.pdf,一种可形成全向分布式复合活性射弹的聚能装药结构.pdf,936131,10,True,False,patent,2021,zh,,,一种可形成全向分布式复合活性射弹的聚能装药结构,5213ba4f91caaaf6383471cebcf3fd3b88dd4ba82b710043ed3070e3827956c1,
a343ed7e2d99aff9,一种可形成嵌接式金属、活性双侵彻体的聚能装药结构.pdf,一种可形成嵌接式金属、活性双侵彻体的聚能装药结构.pdf,564446,11,True,False,patent,2021,zh,,,一种可形成嵌接式金属、活性双侵彻体的聚能装药结构,a343ed7e2d99aff92f63e204b78009aa91e7b09ad368d1aa2491a02a043ba19a,
56a2050db970aa3b,一种可形成穿爆时序联合作用的单级式聚能装药结构.pdf,一种可形成穿爆时序联合作用的单级式聚能装药结构.pdf,1021731,13,True,False,patent,2021,zh,,,一种可形成穿爆时序联合作用的单级式聚能装药结构,56a2050db970aa3bb3a92b893216b2cbb0e5ae21c65a2810f5f2f097931129f7,
8dddaf5b1ef1266b,一种均匀低应力值锥形药型罩的制备方法.pdf,一种均匀低应力值锥形药型罩的制备方法.pdf,734842,10,False,True,patent,,zh,,,一种均匀低应力值锥形药型罩的制备方法,8dddaf5b1ef1266be9a01016a60293fa6751805fedc49abae88d2362421a86a7,
6e71a87cb26bc5a5,一种开设有毁伤元通道的单兵反装甲导弹战斗部.pdf,一种开设有毁伤元通道的单兵反装甲导弹战斗部.pdf,373124,5,True,False,patent,2021,zh,,,一种开设有毁伤元通道的单兵反装甲导弹战斗部,6e71a87cb26bc5a51e502726e949bce70e900fb3f16f0eac215f95ffce5821c7,
8c9f452c92d10a19,一种引燃纵火毁伤元材料及其制备方法和应用.pdf,一种引燃纵火毁伤元材料及其制备方法和应用.pdf,440250,5,True,False,patent,2024,zh,,,一种引燃纵火毁伤元材料及其制备方法和应用,8c9f452c92d10a19334e68b4215109dc01c65f07c245bb87f2fbe4b945963ecb,
ee31fb0504b831cc,一种抗氧化高温钛合金及其制备方法.pdf,一种抗氧化高温钛合金及其制备方法.pdf,825950,10,True,False,patent,2022,zh,,,一种抗氧化高温钛合金及其制备方法,ee31fb0504b831cc6bb6d33f29d1cec5664d7619cf181d7a186fe71a04549927,
ccddd7b259e4a194,一种液态金属原位复合石墨烯热界面材料及其制备方法.pdf,一种液态金属原位复合石墨烯热界面材料及其制备方法.pdf,500437,7,True,False,patent,2023,zh,,,一种液态金属原位复合石墨烯热界面材料及其制备方法,ccddd7b259e4a1945e5f6c6873851ba33a7fc6722fde9686a8d3202d07903436,
6c3e104b08a487b3,一种用于不锈钢低温盐浴渗氮的氮化盐_王均.pdf,一种用于不锈钢低温盐浴渗氮的氮化盐_王均.pdf,507905,5,False,True,patent,,zh,,,一种用于不锈钢低温盐浴渗氮的氮化盐_王均,6c3e104b08a487b3db23a11daf3e2d1a713f16439d7dd156597deae0719f525c,
ae2a8d3622861b7b,一种用于丝材镀膜的框架装置.pdf,一种用于丝材镀膜的框架装置.pdf,319708,6,True,False,patent,2022,zh,,,一种用于丝材镀膜的框架装置,ae2a8d3622861b7bc79a06c1adbf99a5d4dda8e31753888107d227bd4bdd22cc,
3e26788294b2e495,一种用于取料的防交错夹具.pdf,一种用于取料的防交错夹具.pdf,784584,8,True,False,patent,2024,zh,,,一种用于取料的防交错夹具,3e26788294b2e495d718b7c5550c0d542c47cc8ef11a9332f0850fd23eb2643b,
a2d174f4b2af1454,一种用于大孔径等孔径射孔弹的药型罩.pdf,一种用于大孔径等孔径射孔弹的药型罩.pdf,412137,8,True,False,patent,2022,zh,,,一种用于大孔径等孔径射孔弹的药型罩,a2d174f4b2af1454bcd3da497f9c6c09bba009cbfba76f78f598cba8b562632f,
52c2f8f641c1b1d4,一种用于形成成型弹丸的聚能装置.pdf,一种用于形成成型弹丸的聚能装置.pdf,631247,11,True,False,patent,2022,zh,,,一种用于形成成型弹丸的聚能装置,52c2f8f641c1b1d4ea0f161d8a86b8ac6b0947623b68cf1f7f3fea3105fb7bb9,
0b55f4888ab78849,一种用于检测药型罩壁厚与壁厚差的装置.pdf,一种用于检测药型罩壁厚与壁厚差的装置.pdf,947629,11,True,False,patent,2020,zh,,,一种用于检测药型罩壁厚与壁厚差的装置,0b55f4888ab78849f7058a19cba1c3fcdcbe7eb32ba26cac6d0f2de953710881,
c6e03e58350c983d,一种用于爆炸成型弹丸药型罩的单相钨合金及其制备方法.pdf,一种用于爆炸成型弹丸药型罩的单相钨合金及其制备方法.pdf,344126,8,True,False,patent,2022,zh,,,一种用于爆炸成型弹丸药型罩的单相钨合金及其制备方法,c6e03e58350c983d8b55e72c10f33b6175ea75f40ffc4e22b0bf1b105d4a4a09,
8e33db64f5f04ba2,一种用于电弧熔丝增材制造的ZL114A丝材制备方法.pdf,一种用于电弧熔丝增材制造的ZL114A丝材制备方法.pdf,3576383,11,False,True,patent,,zh,,,一种用于电弧熔丝增材制造的ZL114A丝材制备方法,8e33db64f5f04ba2206607d50e59870b9f2e4f17099ca05693608e189335e829,
da84a9f21da12e78,一种用于粉末冶金的药型罩模具的清洗装置.pdf,一种用于粉末冶金的药型罩模具的清洗装置.pdf,335181,6,True,False,patent,2020,zh,,,一种用于粉末冶金的药型罩模具的清洗装置,da84a9f21da12e7882336d73a7fbdfed2ecb80e1d1ca06be57b2594961409cef,
518c80d0b0195251,一种用于精密挤压的模具对正装置.pdf,一种用于精密挤压的模具对正装置.pdf,2034594,8,True,False,patent,2024,zh,,,一种用于精密挤压的模具对正装置,518c80d0b01952516c1479ff6cf7483c77d85cdac0c958bf0d3973c540864926,
747ab26203e460c4,一种用于钛合金表面化学镀的锡盐敏化活化方法.pdf,一种用于钛合金表面化学镀的锡盐敏化活化方法.pdf,658352,15,True,False,patent,2022,zh,,,一种用于钛合金表面化学镀的锡盐敏化活化方法,747ab26203e460c408372ccd941b43b9068abbe34f5707ed3c86f56b3e5514d5,
27ae1d004ae1073d,一种用于镁及镁合金熔炼的复合型坩埚.pdf,一种用于镁及镁合金熔炼的复合型坩埚.pdf,60826,1,True,False,patent,,zh,,,一种用于镁及镁合金熔炼的复合型坩埚,27ae1d004ae1073d943376a4dec9a6df20d35846410c77c4cecb35c61eccc149,
91bb10a025636713,一种聚能射流引爆屏蔽炸药瞬态过程的实验观测方法.pdf,一种聚能射流引爆屏蔽炸药瞬态过程的实验观测方法.pdf,518928,11,True,False,patent,2020,zh,,,一种聚能射流引爆屏蔽炸药瞬态过程的实验观测方法,91bb10a025636713d33f433b6e832a75d79fa646cc79fde84963b0519acd7f5c,
7a3d63bc955a88c1,一种聚能战斗部用含能复合药型罩及其制备方法.pdf,一种聚能战斗部用含能复合药型罩及其制备方法.pdf,752783,10,True,False,patent,2023,zh,,,一种聚能战斗部用含能复合药型罩及其制备方法,7a3d63bc955a88c1da079f21437617e938447d6eb7be8498765178838f05d511,
a0a904fedb016b4b,一种聚能随进杀伤战斗部.pdf,一种聚能随进杀伤战斗部.pdf,483035,6,True,False,patent,2020,zh,,,一种聚能随进杀伤战斗部,a0a904fedb016b4bad91ae78f2a8365b2e018eaaf08f163670280de664f651a2,
78ec93468f8546e7,中低温高效率长寿热电器件制备与系统集成关键技术-中国科学院宁波材料技术与工程研究所-申报书.pdf,中低温高效率长寿热电器件制备与系统集成关键技术-中国科学院宁波材料技术与工程研究所-申报书.pdf,20243752,146,True,False,journal_or_report,2024,zh,,,中低温高效率长寿热电器件制备与系统集成关键技术-中国科学院宁波材料技术与工程研究所-申报书,78ec93468f8546e798ba9b9a8e3ab0a0e8a9b91956114cfc937f2e2b77db5461,
fb4c81edee76c1b5,中低温高效率长寿热电器件制备与系统集成关键技术-中国科学院宁波材料技术与工程研究所-预算申报书.pdf,中低温高效率长寿热电器件制备与系统集成关键技术-中国科学院宁波材料技术与工程研究所-预算申报书.pdf,27699928,49,True,False,journal_or_report,2025,zh,,,中低温高效率长寿热电器件制备与系统集成关键技术-中国科学院宁波材料技术与工程研究所-预算申报书,fb4c81edee76c1b50142573617e73a7518adba81489304487fb54297e74144be,
df347a7176f8b1ab,中国05式两栖步兵战车.pdf,中国05式两栖步兵战车.pdf,542045,1,True,False,journal_or_report,2010,zh,,,中国05式两栖步兵战车,df347a7176f8b1ab73d864dd5be45e262ae71480c47e4109a7ab964a5ff98e3d,
7795f7c40c2a5087,中国兵器工业金属材料理化检测中心-宣传册.pdf,中国兵器工业金属材料理化检测中心-宣传册.pdf,20756047,16,False,True,brochure,,zh,,,中国兵器工业金属材料理化检测中心-宣传册,7795f7c40c2a508723d06cf7d5323c2768de4618da74fba4042464dd6834bd32,
9bffeecba3a53da5,中国兵工学会2025年学术年会会议手册.pdf,中国兵工学会2025年学术年会会议手册.pdf,18706966,78,True,False,conference,,zh,,,中国兵工学会2025年学术年会会议手册,9bffeecba3a53da57c6efba73be37ffa738f86b84507d28239fffbc674de8e11,
d670eed3dffed203,中国材料工程大典.第1卷.材料工程基础.pdf,中国材料工程大典.第1卷.材料工程基础.pdf,127606070,949,False,True,book,,zh,,,中国材料工程大典.第1卷.材料工程基础,d670eed3dffed203bda7c59693791020ba6dd27a5f3e757ec35be7bf91918ad3,
e13c5439136690ba,中国材料工程大典.第2卷.钢铁材料工程.(上).pdf,中国材料工程大典.第2卷.钢铁材料工程.(上).pdf,144851060,1083,False,True,book,,zh,,,中国材料工程大典.第2卷.钢铁材料工程.(上),e13c5439136690ba9c2da26534d25286ce66efc75dfce8272df91ec5ba93aff6,
399fcf008413f092,在细晶粒低合金镁系统中通过向错位错反应增强超塑性.pdf,在细晶粒低合金镁系统中通过向错位错反应增强超塑性.pdf,19961961,22,True,False,journal_or_report,2022,en,,,在细晶粒低合金镁系统中通过向错位错反应增强超塑性,399fcf008413f092c06882857ff9822f23f2cdd181856849c822eed63ea9f82e,
52e4f8e0a9e947ac,装甲和改装甲材料的设计.pdf,装甲和改装甲材料的设计.pdf,479500,13,True,False,journal_or_report,,en,,,装甲和改装甲材料的设计,52e4f8e0a9e947ac0fd6a58b1b5f1f81013f50e04b624580c90825ba3e79f75d,
46793e3f3151a394,装甲车用铝合金叠层复合板力学行为与抗弹性能优化研究_袁圣林.pdf,装甲车用铝合金叠层复合板力学行为与抗弹性能优化研究_袁圣林.pdf,31873500,67,True,False,journal_or_report,2022,en,,,装甲车用铝合金叠层复合板力学行为与抗弹性能优化研究_袁圣林,46793e3f3151a394a976eb0c6de5d59d719a1b080acb4e396c692a6ed20b2191,
4d71a93d5a65983a,装甲钛合金TC4的热处理方法.pdf,装甲钛合金TC4的热处理方法.pdf,875838,10,False,True,journal_or_report,,zh,,,装甲钛合金TC4的热处理方法,4d71a93d5a65983a51098e90fbddc52b49039c8580b2501d2c5d4814cbf6cbce,
8e987de047397a89,装甲钛合金的研究与应用现状.pdf,装甲钛合金的研究与应用现状.pdf,1583753,8,True,False,journal_or_report,2020,en,10.13567/j.cnki.issn1009-9964.2020.04.012,,装甲钛合金的研究与应用现状,8e987de047397a89c82ad03b4b928d250616f2136218be428af8e1e193ac42c1,
aa31e1d215809a71,装甲钛合金的研究与应用现状_郑超.pdf,装甲钛合金的研究与应用现状_郑超.pdf,2741123,8,True,False,journal_or_report,2020,zh,10.13567/j.cnki.issn1009-9964.2020.04.012,,装甲钛合金的研究与应用现状_郑超,aa31e1d215809a7172166e85a09680afcb3ae0c73950cb08aa918ff8da2e2174,
149bc146ac52e290,装甲钢-混凝土组合结构抗弹体侵彻爆炸作用研究_程月华.pdf,装甲钢-混凝土组合结构抗弹体侵彻爆炸作用研究_程月华.pdf,21669138,193,True,False,journal_or_report,2022,en,,,装甲钢-混凝土组合结构抗弹体侵彻爆炸作用研究_程月华,149bc146ac52e2904f68d592fd98ef5e366008b4b0dfaafe2f515baec6e33be4,
5d5d0d62bbfca260,装甲钢_芳纶复合材料防爆轰波性能研究_曲志敏.pdf,装甲钢_芳纶复合材料防爆轰波性能研究_曲志敏.pdf,576698,3,True,False,journal_or_report,2006,en,,,装甲钢_芳纶复合材料防爆轰波性能研究_曲志敏,5d5d0d62bbfca2603a20bcfdb7ba07473ea3a27a0d5c582c3a16e7ce8f24254a,
614659f0b21c2dab,装甲钢中的夹层材料对抗弹性能的影响.pdf,装甲钢中的夹层材料对抗弹性能的影响.pdf,191219,5,True,False,journal_or_report,2003,en,,,装甲钢中的夹层材料对抗弹性能的影响,614659f0b21c2dab59a358753b2e007988514da8e6359e9481fb11d514ca7d04,
a28fe25754167404,装甲钢动态性能与抗弹性能关系研究.pdf,装甲钢动态性能与抗弹性能关系研究.pdf,194731,5,True,False,journal_or_report,,en,,,装甲钢动态性能与抗弹性能关系研究,a28fe2575416740430f2365a803ffb7486ac5f7250027ad4bb84fdd5598e0382,
227229d3f4192e94,装甲钢板中绝热剪切带的特征.pdf,装甲钢板中绝热剪切带的特征.pdf,209303,5,True,False,journal_or_report,,en,,,装甲钢板中绝热剪切带的特征,227229d3f4192e9474ea327119445899fb9d4df90729796f0f837ae98d5ac110,
c259a32ac9819309,装甲钢焊缝区抗弹防护性能初步探讨.pdf,装甲钢焊缝区抗弹防护性能初步探讨.pdf,3014502,5,True,False,journal_or_report,2022,en,10.19554/j.cnki.1001-3563.2022.21.036,,装甲钢焊缝区抗弹防护性能初步探讨,c259a32ac9819309d1a6cfd085dd69c7b9ce75651fc3ee11737dd6d320caf02a,
7ef52126c0ffffdf,装甲钢焊缝区抗弹防护性能初步探讨_华绍春.pdf,装甲钢焊缝区抗弹防护性能初步探讨_华绍春.pdf,1922875,5,True,False,journal_or_report,2022,en,10.19554/j.cnki.1001-3563.2022.21.036,,装甲钢焊缝区抗弹防护性能初步探讨_华绍春,7ef52126c0ffffdf9c29c79f3f940fe5afc1a0cc392b70f662cdc0d2bda3c45c,
d7425c0cde5da87b,装甲防护厚板淬火过程形状畸变的预测.pdf,装甲防护厚板淬火过程形状畸变的预测.pdf,638523,5,True,False,journal_or_report,2008,en,,,装甲防护厚板淬火过程形状畸变的预测,d7425c0cde5da87bd7e477791f525b1f86348a7f4415cb41833e188622a07d6a,
ec6b699b03978d12,装甲防护材料抗侵彻性能研究现状_赵旭东.pdf,装甲防护材料抗侵彻性能研究现状_赵旭东.pdf,1412007,6,True,False,journal_or_report,2017,en,10.19554/j.cnki.1001-3563.2017.11.027,,装甲防护材料抗侵彻性能研究现状_赵旭东,ec6b699b03978d128738204434f30b7285a3557fa982660c8e4557f510d92c6b,
0e3d59b3ebc09d58,装甲防护衬层及相关材料研究进展_陈东.pdf,装甲防护衬层及相关材料研究进展_陈东.pdf,1503597,8,True,False,journal_or_report,2023,en,,,装甲防护衬层及相关材料研究进展_陈东,0e3d59b3ebc09d5806f31e1e0c74a74e1791a15c962681bfb3265aa76a847cbf,
f4a31386dd2ef7ec,装甲防护陶瓷-金属叠层复合材料界面研究进展_赵宇宏.pdf,装甲防护陶瓷-金属叠层复合材料界面研究进展_赵宇宏.pdf,2763753,19,True,False,journal_or_report,2021,en,10.11900/0412.1961.2021.00051,,装甲防护陶瓷-金属叠层复合材料界面研究进展_赵宇宏,f4a31386dd2ef7ece783345e61b7bbf712ab632ebf306bcd0498ce95ff4d57bb,
